msg,examples,username,password,email,tjid,qq,yzm,,pymethod,alipaymount,rechargemethod,tips00,tips01,tips02,depoisttime,depoistname,depoistamount
fail01,充值50,lee123456763,lee123,,,,1,,支付宝转账,50,建设银行-戚念,充值金额不符合！,充值金额,订单提交成功，请扫描以下二维码付款！,,lee1,
fail01,充值100,lee123456763,lee123,,,,2,,支付宝转账,100,建设银行-戚念,充值金额不符合！,充值金额,订单提交成功，请扫描以下二维码付款！,,lee1,
fail01,充值300,lee123456763,lee123,,,,3,,支付宝转账,300,建设银行-戚念,充值金额不符合！,充值金额,订单提交成功，请扫描以下二维码付款！,,lee1,
fail01,充值500,lee123456763,lee123,,,,4,,支付宝转账,500,建设银行-戚念,充值金额不符合！,充值金额,订单提交成功，请扫描以下二维码付款！,,lee3,
fail01,充值800,lee123456763,lee123,,,,5,,支付宝转账,800,建设银行-戚念,充值金额不符合！,充值金额,订单提交成功，请扫描以下二维码付款！,,lee4,
fail01,充值1000,lee123456763,lee123,,,,6,,支付宝转账,1000,建设银行-戚念,充值金额不符合！,充值金额,订单提交成功，请扫描以下二维码付款！,,lee5,
fail01,充值2000,lee123456763,lee123,,,,7,,支付宝转账,2000,建设银行-戚念,充值金额不符合！,充值金额,订单提交成功，请扫描以下二维码付款！,,lee6,
fail01,充值3000,lee123456763,lee123,,,,8,,支付宝转账,3000,建设银行-戚念,充值金额不符合！,充值金额,订单提交成功，请扫描以下二维码付款！,,lee7,
succ01,充值50,lee123456763,lee123,,,,1,,支付宝转账,50,建设银行-戚念,充值金额不符合！,充值金额,订单提交成功，请扫描以下二维码付款！,,lee1,
succ01,充值100,lee123456763,lee123,,,,2,,支付宝转账,100,建设银行-戚念,充值金额不符合！,充值金额,订单提交成功，请扫描以下二维码付款！,,lee1,
succ01,充值300,lee123456763,lee123,,,,3,,支付宝转账,300,建设银行-戚念,充值金额不符合！,充值金额,订单提交成功，请扫描以下二维码付款！,,lee1,
succ01,充值500,lee123456763,lee123,,,,4,,支付宝转账,500,建设银行-戚念,充值金额不符合！,充值金额,订单提交成功，请扫描以下二维码付款！,,lee3,
succ01,充值800,lee123456763,lee123,,,,5,,支付宝转账,800,建设银行-戚念,充值金额不符合！,充值金额,订单提交成功，请扫描以下二维码付款！,,lee4,
succ01,充值1000,lee123456763,lee123,,,,6,,支付宝转账,1000,建设银行-戚念,充值金额不符合！,充值金额,订单提交成功，请扫描以下二维码付款！,,lee5,
succ01,充值2000,lee123456763,lee123,,,,7,,支付宝转账,2000,建设银行-戚念,充值金额不符合！,充值金额,订单提交成功，请扫描以下二维码付款！,,lee6,
succ01,充值3000,lee123456763,lee123,,,,8,,支付宝转账,3000,建设银行-戚念,充值金额不符合！,充值金额,订单提交成功，请扫描以下二维码付款！,,lee7,
